,letters,metric
0,H,0.06318392717762049
1,E,0.0191329804024702
2,L,0.03371074803489785
3,X,0.008081193780526519
