,letters,metric
0,D,0.015766137713667427
1,C,0.015542459602139451
2,B,0.015314199589267136
3,N,0.01514608048213025
