,letters,metric
0,D,0.014765970526469026
1,F,0.014803561492191043
2,B,0.014247374424185054
3,AD,0.013898416189476848
