,version,location_scheme,datastream_scheme,l_combo,ds_combo,input_days,output_days,loss,mse,mape,mae,dataset_size,training_time,experiment_name,dataset_name,epochs,network,letter,Max_or_Min
146,1,1,0,6,0,60,1,0.0060320417396724215,0.0060320417396724215,962618.875,0.04970837756991386,3362,119.01501536369324,16_B_exp64,16_B.v1.l1.ds0.l_combo6.ds_combo0.idays60.odays1,100,Network 1,B,Min
23,1,1,0,5,0,60,7,0.020267928019165996,0.020267922431230545,703886.4375,0.1014162078499794,3354,122.81061124801636,16_B_exp8,16_B.v1.l1.ds0.l_combo5.ds_combo0.idays60.odays7,100,Network 1,B,Max
86,1,1,0,6,0,60,1,0.006358850281685591,0.006358850281685591,819381.25,0.050727982074022286,3362,121.14325523376465,16_J_exp32,16_J.v1.l1.ds0.l_combo6.ds_combo0.idays60.odays1,100,Network 2,J,Min
43,1,1,0,10,0,60,7,0.020993277430534363,0.020993275567889214,350922.4375,0.10480491071939467,2026,58.03337001800537,16_J_exp8,16_J.v1.l1.ds0.l_combo10.ds_combo0.idays60.odays7,75,Network 2,J,Max
146,1,1,0,6,0,60,1,0.006001284811645746,0.006001284811645746,826664.4375,0.051333736628293984,3362,96.7421133518219,16_V_exp64,16_V.v1.l1.ds0.l_combo6.ds_combo0.idays60.odays1,81,Network 3,V,Min
43,1,1,0,10,0,60,7,0.021426212042570114,0.021426212042570114,454790.34375,0.10501522570848464,2026,76.11696529388428,16_V_exp8,16_V.v1.l1.ds0.l_combo10.ds_combo0.idays60.odays7,100,Network 3,V,Max
144,1,1,0,6,0,30,1,0.006571107544004917,0.006571107544004917,1179342.5,0.05394905060529709,3392,115.47948360443115,16_M_exp64,16_M.v1.l1.ds0.l_combo6.ds_combo0.idays30.odays1,100,Network 4,M,Min
21,1,1,0,5,0,30,7,0.02038667537271976,0.020386673510074612,813927.3125,0.10202391445636748,3384,121.14354681968688,16_M_exp8,16_M.v1.l1.ds0.l_combo5.ds_combo0.idays30.odays7,100,Network 4,M,Max
