,version,location_scheme,datastream_scheme,l_combo,ds_combo,input_days,output_days,loss,mse,mape,mae,dataset_size,training_time,experiment_name,dataset_name,epochs,network,letter,Max_or_Min
6,1,0,1,0,2,60,1,0.002955964533612132,0.002955964533612132,11716934.0,0.02320832200348377,2032,25.586012125015262,16_C_exp8,16_C.v1.l0.ds1.l_combo0.ds_combo2.idays60.odays1,34,Network 1,C,Min
13,1,0,1,0,4,30,7,0.0349564403295517,0.0349564403295517,408018.90625,0.1474742591381073,2056,44.40347337722778,16_C_exp8,16_C.v1.l0.ds1.l_combo0.ds_combo4.idays30.odays7,58,Network 1,C,Max
36,1,0,1,0,2,30,1,0.002499733585864305,0.002499733585864305,14715625.0,0.02573479898273945,2062,64.28814792633057,16_Q_exp64,16_Q.v1.l0.ds1.l_combo0.ds_combo2.idays30.odays1,89,Network 2,Q,Min
44,1,0,1,0,4,30,1,0.03605467081069946,0.03605467081069946,337817.03125,0.15006045997142792,2062,25.82892370223999,16_F_exp64,16_F.v1.l0.ds1.l_combo0.ds_combo4.idays30.odays1,35,Network 2,F,Max
4,1,0,1,0,2,30,1,0.003427481045946479,0.003427481045946479,11929976.0,0.02534547261893749,2062,37.30662345886231,16_AA_exp8,16_AA.v1.l0.ds1.l_combo0.ds_combo2.idays30.odays1,51,Network 3,AA,Min
29,1,0,1,0,4,30,7,0.03608289361000061,0.03608289361000061,295703.78125,0.14930970966815948,2056,46.98844504356384,16_AA_exp32,16_AA.v1.l0.ds1.l_combo0.ds_combo4.idays30.odays7,62,Network 3,AA,Max
36,1,0,1,0,2,30,1,0.002664405852556229,0.002664405852556229,12268264.0,0.022192861884832386,2062,34.548055410385125,16_F_exp64,16_F.v1.l0.ds1.l_combo0.ds_combo2.idays30.odays1,47,Network 4,F,Min
44,1,0,1,0,4,30,1,0.03605467081069946,0.03605467081069946,337817.03125,0.15006045997142792,2062,25.82892370223999,16_F_exp64,16_F.v1.l0.ds1.l_combo0.ds_combo4.idays30.odays1,35,Network 4,F,Max
