,version,location_scheme,datastream_scheme,l_combo,ds_combo,input_days,output_days,loss,mse,mape,mae,dataset_size,training_time,experiment_name,dataset_name,epochs,network,letter,Max_or_Min
22,1.0,1.0,1.0,1.0,2.0,60.0,1.0,0.0009612569701857864,0.0009612569701857864,10476305.0,0.01740049012005329,3307.0,17.542773723602295,16_D_exp8,16_D.v1.l1.ds1.l_combo1.ds_combo2.idays60.odays1,15.0,Network 1,D,Min
326,1.0,1.0,1.0,5.0,4.0,60.0,1.0,0.059138793498277664,0.059138793498277664,2427512.5,0.19554519653320312,3360.0,40.71409797668457,16_D_exp32,16_D.v1.l1.ds1.l_combo5.ds_combo4.idays60.odays1,34.0,Network 1,D,Max
124,1.0,1.0,1.0,8.0,2.0,30.0,1.0,0.0010888191172853112,0.0010888191172853112,12.351190567016602,0.0062156589701771745,3357.0,13.405815839767456,16_I_exp8,16_I.v1.l1.ds1.l_combo8.ds_combo2.idays30.odays1,11.0,Network 2,I,Min
661,1.0,1.0,1.0,12.0,4.0,30.0,7.0,0.3656459152698517,0.3656459450721741,99.96829986572266,0.5745300650596619,3379.0,13.35418176651001,16_I_exp64,16_I.v1.l1.ds1.l_combo12.ds_combo4.idays30.odays7,11.0,Network 2,I,Max
