,version,location_scheme,datastream_scheme,l_combo,ds_combo,input_days,output_days,loss,mse,mape,mae,dataset_size,training_time,experiment_name,dataset_name,epochs,network,letter,Max_or_Min
8,1,0,0,0,0,30,1,0.012150194495916368,0.012150194495916368,76347.375,0.07645723968744278,2062,40.18430590629577,16_A_exp64,16_A.v1.l0.ds0.l_combo0.ds_combo0.idays30.odays1,54,Network 1,A,Min
3,1,0,0,0,0,60,7,0.017099108546972275,0.017099108546972275,591489.875,0.09435894340276718,2026,77.23135948181151,16_A_exp8,16_A.v1.l0.ds0.l_combo0.ds_combo0.idays60.odays7,100,Network 1,A,Max
8,1,0,0,0,0,30,1,0.011921108700335026,0.011921108700335026,175835.21875,0.07595058530569078,2062,50.08385872840881,16_N_exp64,16_N.v1.l0.ds0.l_combo0.ds_combo0.idays30.odays1,67,Network 2,N,Min
7,1,0,0,0,0,60,7,0.017616743221879002,0.017616741359233856,144718.96875,0.09567825496196747,2026,28.91460394859314,16_N_exp32,16_N.v1.l0.ds0.l_combo0.ds_combo0.idays60.odays7,37,Network 2,N,Max
6,1,0,0,0,0,60,1,0.01221572421491146,0.01221572421491146,385081.90625,0.0775940790772438,2032,62.88847422599793,16_AB_exp32,16_AB.v1.l0.ds0.l_combo0.ds_combo0.idays60.odays1,85,Network 3,AB,Min
1,1,0,0,0,0,30,7,0.018446538597345352,0.0184465404599905,340693.625,0.0979248434305191,2056,65.74670171737671,16_AB_exp8,16_AB.v1.l0.ds0.l_combo0.ds_combo0.idays30.odays7,84,Network 3,AB,Max
8,1,0,0,0,0,30,1,0.011693540960550308,0.011693540960550308,132965.65625,0.07598661631345749,2062,39.00942039489746,16_AD_exp64,16_AD.v1.l0.ds0.l_combo0.ds_combo0.idays30.odays1,53,Network 4,AD,Min
1,1,0,0,0,0,30,7,0.017684865742921833,0.017684865742921833,552304.625,0.09616255760192872,2056,73.98460626602174,16_AD_exp8,16_AD.v1.l0.ds0.l_combo0.ds_combo0.idays30.odays7,97,Network 4,AD,Max
