,letter,input_days,output_days,experiment_name,weighted_metric
2,AD,30,1,16_AD_exp64,0.011693540960550308
1,F,30,1,16_F_exp32,0.012529568880368649
8,B,60,1,16_B_exp64,0.012134409516283343
8,D,60,1,16_D_exp64,0.012769173038677806
