,letters,metric
0,,
1,,
2,V,0.8913431819942264
3,T,0.9165383676687876
