,letters,metric
0,D,0.014629048935278428
1,C,0.014409587392602057
2,B,0.014081004100400163
3,AD,0.013938081838811437
