,letters,metric
0,D,0.012755842898515397
1,F,0.013402116381800161
2,B,0.012481290371189904
3,G,0.013385908134902516
