,letters,metric
0,H,0.0345498457743415
1,E,0.0185965351386076
2,U,0.038903875179387155
3,S,0.008242141804657876
