,letters,metric
0,,
1,,
2,J,0.015865901939049538
3,W,0.015080819216867289
