,letters,metric
0,,
1,,
2,J,0.8903219666745926
3,G,0.9208502322435379
