,letters,metric
0,,
1,,
2,V,0.014617819145568417
3,T,0.014053277283286056
