,letters,metric
0,,
1,Q,0.5244703392379665
2,M,0.6607809141783559
3,Y,0.8054083492216266
