,letters,metric
0,,
1,C,0.01564524794694414
2,B,0.015308237042682069
3,A,0.015186342255522808
