,letters,metric
0,D,0.015556609642106235
1,F,0.015270752601863181
2,B,0.014946642309376054
3,G,0.014743444820245108
