,letters,metric
0,,
1,,
2,J,0.6398924148159034
3,W,0.8059223669527787
