,letters,metric
0,D,0.7903766772554567
1,C,0.8765875647465388
2,B,0.908936772081587
3,T,0.918460855881373
