,letters,metric
0,I,0.7702669992577285
1,AA,0.8648784173031648
2,J,0.8882528195778528
3,G,0.9071582208077112
