,,,,,version,location_scheme,datastream_scheme,l_combo,ds_combo,input_days,output_days,loss,mse,mape,mae,dataset_size,training_time,experiment_name,dataset_name,epochs,network,letter,Max_or_Min
1,1,1,10,4,60.0,1.0,0.14671503007411954,0.14671503007411954,0.7745097875595093,0.6499999761581421,0.609375,39.0,119.0,21.0,25.0,2032.0,121.98386240005492,10_D_exp64,10_D.v1.l1.ds1.l_combo10.ds_combo4.idays60.odays1,84.0,Network 1,D,Min
1,1,1,5,4,30.0,7.0,0.059296969324350364,0.059296965599060066,0.9342604279518129,0.0,0.0,0.0,2217.0,0.0,156.0,3384.0,118.6217691898346,10_D_exp64,10_D.v1.l1.ds1.l_combo5.ds_combo4.idays30.odays7,49.0,Network 1,D,Max
1,1,1,10,1,60.0,1.0,0.08722910284996033,0.08722910284996033,0.8774510025978088,0.8028169274330139,0.8382353186607361,57.0,122.0,14.0,11.0,2032.0,135.18806934356692,10_I_exp32,10_I.v1.l1.ds1.l_combo10.ds_combo1.idays60.odays1,93.0,Network 2,I,Min
1,1,1,5,1,30.0,7.0,0.0583857074379921,0.0583856962621212,0.9258322715759276,0.0,0.0,0.0,2197.0,0.0,176.0,3384.0,185.84759879112244,10_I_exp8,10_I.v1.l1.ds1.l_combo5.ds_combo1.idays30.odays7,77.0,Network 2,I,Max
