,,,,,version,location_scheme,datastream_scheme,l_combo,ds_combo,input_days,output_days,loss,mse,mape,mae,dataset_size,training_time,experiment_name,dataset_name,epochs,network,letter,Max_or_Min
1,0,1,0,3,30,1,0.08143194019794464,0.08143194019794464,0.8879227042198181,0.820633053779602,0.7821229100227356,700.0,2057.0,153.0,195.0,2062,147.7804205417633,10_C_exp64,10_C.v1.l0.ds1.l_combo0.ds_combo3.idays30.odays1,100,Network 1,C,Min
1,0,1,0,1,30,7,0.04476509615778923,0.04476509615778923,0.9367082715034484,0.8102653026580809,0.7980687022209167,2810.0,17451.0,658.0,711.0,2056,148.61680698394775,10_C_exp64,10_C.v1.l0.ds1.l_combo0.ds_combo1.idays30.odays7,100,Network 1,C,Max
1,0,1,0,4,60,1,0.09967418760061264,0.09967418760061264,0.8611111044883728,0.693473219871521,0.7859973311424255,595.0,2040.0,263.0,162.0,2032,60.7843668460846,10_Q_exp64,10_Q.v1.l0.ds1.l_combo0.ds_combo4.idays60.odays1,42,Network 2,Q,Min
1,0,1,0,2,60,7,0.13972307741641998,0.1397230625152588,0.8111658692359924,0.0,0.0,0.0,17290.0,0.0,4025.0,2026,56.65238904953003,10_F_exp32,10_F.v1.l0.ds1.l_combo0.ds_combo2.idays60.odays7,38,Network 2,F,Max
1,0,1,0,4,60,1,0.10251134634017944,0.10251134634017944,0.8562091588973999,0.7424242496490479,0.7135922312736511,588.0,2032.0,204.0,236.0,2032,52.6984236240387,10_AA_exp32,10_AA.v1.l0.ds1.l_combo0.ds_combo4.idays60.odays1,36,Network 3,AA,Min
1,0,1,0,2,30,7,0.14744891226291654,0.14744891226291654,0.8165048360824585,0.0,0.0,0.0,17661.0,0.0,3969.0,2056,37.30733108520508,10_AA_exp64,10_AA.v1.l0.ds1.l_combo0.ds_combo2.idays30.odays7,25,Network 3,AA,Max
1,0,1,0,4,60,1,0.08604094386100769,0.08604094386100769,0.8774510025978088,0.6947891116142273,0.8127721548080444,560.0,2125.0,246.0,129.0,2032,74.29777812957764,10_F_exp32,10_F.v1.l0.ds1.l_combo0.ds_combo4.idays60.odays1,51,Network 4,F,Min
1,0,1,0,2,60,7,0.13972307741641998,0.1397230625152588,0.8111658692359924,0.0,0.0,0.0,17290.0,0.0,4025.0,2026,56.65238904953003,10_F_exp32,10_F.v1.l0.ds1.l_combo0.ds_combo2.idays60.odays7,38,Network 4,F,Max
