,version,location_scheme,datastream_scheme,l_combo,ds_combo,input_days,output_days,loss,mse,binary_accuracy,precision,recall,true_positives,true_negatives,false_positives,false_negatives,dataset_size,training_time,experiment_name,dataset_name,epochs,network,letter,Max_or_Min
1,1,0,0,0,2,30,7,0.08874932676553726,0.08874932676553726,0.8700416088104248,0.7090517282485962,0.8019876480102539,4277.0,14542.0,1755.0,1056.0,2056,148.30671262741092,10_A_exp8,10_A.v1.l0.ds0.l_combo0.ds_combo1.idays30.odays7,99,Network 1,A,Min
10,1,0,0,0,2,60,1,0.04759904369711876,0.04759904369711876,0.9388889074325562,0.8276923298835754,0.8776509165763855,538.0,2335.0,112.0,75.0,2032,41.18022537231445,10_A_exp64,10_A.v1.l0.ds0.l_combo0.ds_combo1.idays60.odays1,28,Network 1,A,Max
3,1,0,0,0,2,60,7,0.07896687090396881,0.07896687090396881,0.8858081102371216,0.7319967746734619,0.8567674160003662,4564.0,14317.0,1671.0,763.0,2026,149.91202163696292,10_G_exp8,10_G.v1.l0.ds0.l_combo0.ds_combo1.idays60.odays7,100,Network 2,G,Min
2,1,0,0,0,2,60,1,0.046076882630586624,0.046076882630586624,0.934313714504242,0.8292349576950073,0.8887262344360352,607.0,2252.0,125.0,76.0,2032,135.57621812820437,10_N_exp8,10_N.v1.l0.ds0.l_combo0.ds_combo1.idays60.odays1,92,Network 2,N,Max
7,1,0,0,0,2,60,7,0.07307742536067963,0.07307742536067963,0.8957541584968567,0.7723396420478821,0.8073643445968628,4166.0,14927.0,1228.0,994.0,2026,124.00862169265748,10_Y_exp32,10_Y.v1.l0.ds0.l_combo0.ds_combo1.idays60.odays7,83,Network 3,Y,Min
11,1,0,0,0,2,60,7,0.03777386620640755,0.03777386620640755,0.94815856218338,0.859318733215332,0.8386486768722534,3103.0,17107.0,508.0,597.0,2026,150.18114972114563,10_W_exp64,10_W.v1.l0.ds0.l_combo0.ds_combo1.idays60.odays7,100,Network 3,W,Max
6,1,0,0,0,2,60,1,0.0758698508143425,0.0758698508143425,0.8872548937797546,0.7211678624153137,0.7623456716537476,494.0,2221.0,191.0,154.0,2032,77.03309392929076,10_AD_exp32,10_AD.v1.l0.ds0.l_combo0.ds_combo1.idays60.odays1,53,Network 4,AD,Min
4,1,0,0,0,2,30,1,0.049670007079839706,0.049670007079839706,0.9310789108276368,0.7881097793579102,0.8733108043670654,517.0,2374.0,139.0,75.0,2062,81.60843658447266,10_AD_exp32,10_AD.v1.l0.ds0.l_combo0.ds_combo1.idays30.odays1,56,Network 4,AD,Max
