,letters,metric
0,I,0.02498395888224794
1,AA,0.014571817259343589
2,M,0.014415654075106208
3,AD,0.01383210183121264
