,letters,metric
0,,
1,C,0.5094229838001395
2,B,0.5009011342078457
3,N,0.7536271638859389
