,letters,metric
0,,
1,C,0.5696925341569815
2,B,0.668955051176114
3,W,0.8046858337046271
