,letters,metric
0,,
1,,
2,V,0.01477386481559388
3,G,0.014108201411242286
