,letters,metric
0,I,0.024048582348240907
1,AA,0.014537432214205842
2,AF,0.014413658641293597
3,AD,0.013817157518739501
