,letter,input_days,output_days,experiment_name,weighted_metric
8,T,60,1,3_T_exp64,0.010574831627309322
7,AI,60,1,3_AI_exp32,0.01155600360144625
8,AF,60,1,3_AF_exp64,0.0118734523047956
1,I,30,1,3_I_exp32,0.016757678725694353
