,letters,metric
0,H,0.05833475492096142
1,E,0.020270153694077617
2,L,0.03284599701097624
3,AC,0.007903469959273934
