,letters,metric
0,,
1,Q,0.015726569574883286
2,M,0.015570193799093746
3,Y,0.015157425620903572
