,letters,metric
0,D,0.01741846687267554
1,C,0.01679788054216846
2,B,0.017092288479258512
3,W,0.016661794080088537
