,letter,input_days,output_days,experiment_name,weighted_metric
8,T,60,1,4_T_exp64,0.014342986978590487
0,F,30,1,4_F_exp8,0.01543889704899972
7,B,60,1,4_B_exp32,0.016307788897117897
6,D,60,1,4_D_exp8,0.01654822467395864
