,letters,metric
0,D,0.8136628320854572
1,F,0.8999700893958408
2,B,0.9083579854832755
3,T,0.9189585447311401
