,,,,,version,location_scheme,datastream_scheme,l_combo,ds_combo,input_days,output_days,loss,mse,mape,mae,dataset_size,training_time,experiment_name,dataset_name,epochs,network,letter,Max_or_Min
1,1,0,10,0,60,1,0.07955895364284515,0.07955895364284515,0.901960790157318,0.8055555820465088,0.90625,58.0,126.0,14.0,6.0,2032,31.70608282089233,13_B_exp8,13_B.v1.l1.ds0.l_combo10.ds_combo0.idays60.odays1,22,Network 1,B,Min
1,1,0,5,0,30,7,0.03631637245416641,0.03631637245416641,0.9502739310264589,0.7435897588729858,0.5979381203651428,116.0,2139.0,40.0,78.0,3384,240.1020040512085,13_B_exp32,13_B.v1.l1.ds0.l_combo5.ds_combo0.idays30.odays7,100,Network 1,B,Max
1,1,0,10,0,60,1,0.10822879523038864,0.10822879523038864,0.8333333134651184,0.6944444179534912,0.8064516186714172,50.0,120.0,22.0,12.0,2032,69.76384377479553,13_M_exp8,13_M.v1.l1.ds0.l_combo10.ds_combo0.idays60.odays1,48,Network 2,M,Min
1,1,0,5,0,30,7,0.04686233028769493,0.04686233401298523,0.9359460473060608,0.6818181872367859,0.09375,15.0,2206.0,7.0,145.0,3384,241.4013011455536,13_J_exp32,13_J.v1.l1.ds0.l_combo5.ds_combo0.idays30.odays7,100,Network 2,J,Max
1,1,0,10,0,30,1,0.1099863499403,0.1099863499403,0.8405796885490417,0.7066666483879089,0.828125,53.0,121.0,22.0,11.0,2062,108.44537019729614,13_V_exp64,13_V.v1.l1.ds0.l_combo10.ds_combo0.idays30.odays1,75,Network 3,V,Min
1,1,0,5,0,30,7,0.04306340590119362,0.04306340217590332,0.9443742036819458,0.3333333432674408,0.06451612710952759,8.0,2233.0,16.0,116.0,3384,205.5743556022644,13_V_exp32,13_V.v1.l1.ds0.l_combo5.ds_combo0.idays30.odays7,85,Network 3,V,Max
1,1,0,10,0,60,1,0.10822879523038864,0.10822879523038864,0.8333333134651184,0.6944444179534912,0.8064516186714172,50.0,120.0,22.0,12.0,2032,69.76384377479553,13_M_exp8,13_M.v1.l1.ds0.l_combo10.ds_combo0.idays60.odays1,48,Network 4,M,Min
1,1,0,5,0,60,7,0.04393491148948669,0.04393491148948669,0.9430271983146667,0.6279069781303406,0.48502993583679205,81.0,2137.0,48.0,86.0,3354,157.49898982048038,13_M_exp64,13_M.v1.l1.ds0.l_combo5.ds_combo0.idays60.odays7,65,Network 4,M,Max
