,,,,,version,location_scheme,datastream_scheme,l_combo,ds_combo,input_days,output_days,loss,mse,mape,mae,dataset_size,training_time,experiment_name,dataset_name,epochs,network,letter,Max_or_Min
1,1,1,10,3,60.0,1.0,0.14254234731197354,0.14254234731197354,0.7745097875595093,0.653333306312561,0.7101449370384216,49.0,109.0,26.0,20.0,2032.0,65.75884842872621,13_D_exp8,13_D.v1.l1.ds1.l_combo10.ds_combo3.idays60.odays1,45.0,Network 1,D,Min
1,1,1,5,4,60.0,7.0,0.05331190302968025,0.05331190675497055,0.9392006993293762,0.0,0.0,0.0,2209.0,0.0,143.0,3354.0,221.8560316562653,13_D_exp8,13_D.v1.l1.ds1.l_combo5.ds_combo4.idays60.odays7,92.0,Network 1,D,Max
1,1,1,10,4,60.0,1.0,0.1769798845052719,0.1769798845052719,0.7156862616539001,0.6607142686843872,0.4868420958518982,37.0,109.0,19.0,39.0,2032.0,112.0403962135315,13_I_exp8,13_I.v1.l1.ds1.l_combo10.ds_combo4.idays60.odays1,77.0,Network 2,I,Min
1,1,1,5,3,30.0,7.0,0.06616430729627609,0.06616430729627609,0.9287821054458618,0.0,0.0,0.0,2204.0,0.0,169.0,3384.0,29.076388835906982,13_I_exp64,13_I.v1.l1.ds1.l_combo5.ds_combo3.idays30.odays7,12.0,Network 2,I,Max
