,version,location_scheme,datastream_scheme,l_combo,ds_combo,input_days,output_days,loss,mse,binary_accuracy,precision,recall,true_positives,true_negatives,false_positives,false_negatives,dataset_size,training_time,experiment_name,dataset_name,epochs,network,letter,Max_or_Min
11,1,0,1,0,4,60,7,0.0985310822725296,0.0985310822725296,0.855219304561615,0.6499999761581421,0.6952024698257446,3159.0,15070.0,1701.0,1385.0,2026,106.6614043712616,13_C_exp8,13_C.v1.l0.ds1.l_combo0.ds_combo4.idays60.odays7,71,Network 1,C,Min
24,1,0,1,0,1,30,1,0.050568096339702606,0.050568096339702606,0.9288244843482972,0.8919308185577393,0.8091503381729126,619.0,2265.0,75.0,146.0,2062,45.807655334472656,13_C_exp64,13_C.v1.l0.ds1.l_combo0.ds_combo1.idays30.odays1,31,Network 1,C,Max
30,1,0,1,0,3,60,1,0.13384036719799042,0.13384036719799042,0.7709150314331055,0.4803001880645752,0.3764705955982208,256.0,2103.0,277.0,424.0,2032,17.576899528503418,13_Q_exp64,13_Q.v1.l0.ds1.l_combo0.ds_combo3.idays60.odays1,12,Network 2,Q,Min
26,1,0,1,0,1,60,1,0.04922029376029968,0.04922029376029968,0.9333333373069764,0.8491446375846863,0.8361408710479736,546.0,2310.0,97.0,107.0,2032,52.44099831581116,13_F_exp64,13_F.v1.l0.ds1.l_combo0.ds_combo1.idays60.odays1,36,Network 2,F,Max
20,1,0,1,0,4,30,1,0.10922493040561676,0.10922493040561676,0.8392914533615112,0.6369637250900269,0.5804511308670044,386.0,2220.0,220.0,279.0,2062,46.54206109046936,13_AA_exp32,13_AA.v1.l0.ds1.l_combo0.ds_combo4.idays30.odays1,32,Network 3,AA,Min
25,1,0,1,0,1,30,7,0.05205526575446129,0.052055258303880685,0.9281553626060486,0.8187097907066345,0.8530365228652954,3947.0,16129.0,874.0,680.0,2056,148.89925098419192,13_AA_exp64,13_AA.v1.l0.ds1.l_combo0.ds_combo1.idays30.odays7,100,Network 3,AA,Max
10,1,0,1,0,4,60,1,0.1081600934267044,0.1081600934267044,0.8274509906768799,0.5588942170143127,0.7428115010261536,465.0,2067.0,367.0,161.0,2032,52.4248583316803,13_F_exp8,13_F.v1.l0.ds1.l_combo0.ds_combo4.idays60.odays1,36,Network 4,F,Min
26,1,0,1,0,1,60,1,0.04922029376029968,0.04922029376029968,0.9333333373069764,0.8491446375846863,0.8361408710479736,546.0,2310.0,97.0,107.0,2032,52.44099831581116,13_F_exp64,13_F.v1.l0.ds1.l_combo0.ds_combo1.idays60.odays1,36,Network 4,F,Max
