,,,,,version,location_scheme,datastream_scheme,l_combo,ds_combo,input_days,output_days,loss,mse,mape,mae,dataset_size,training_time,experiment_name,dataset_name,epochs,network,letter,Max_or_Min
1,0,0,0,0,60,1,0.06446214020252228,0.06446214020252228,0.90816992521286,0.7445721626281738,0.8780120611190796,583.0,2196.0,200.0,81.0,2032,39.32767772674561,13_A_exp64,13_A.v1.l0.ds0.l_combo0.ds_combo0.idays60.odays1,27,Network 1,A,Min
1,0,0,0,0,30,7,0.06921112537384032,0.06921113282442093,0.9030513167381288,0.7647544145584106,0.7947673201560974,3706.0,15827.0,1140.0,957.0,2056,99.03486061096191,13_A_exp8,13_A.v1.l0.ds0.l_combo0.ds_combo0.idays30.odays7,66,Network 1,A,Max
1,0,0,0,0,60,1,0.07600346952676773,0.07600346952676773,0.8941176533699036,0.7613489031791687,0.8074277639389038,587.0,2149.0,184.0,140.0,2032,122.09520483016969,13_N_exp8,13_N.v1.l0.ds0.l_combo0.ds_combo0.idays60.odays1,83,Network 2,N,Min
1,0,0,0,0,30,7,0.049030836671590805,0.049030832946300514,0.933656930923462,0.8461892604827881,0.8273300528526306,3675.0,16520.0,668.0,767.0,2056,149.42761898040771,13_G_exp64,13_G.v1.l0.ds0.l_combo0.ds_combo0.idays30.odays7,100,Network 2,G,Max
1,0,0,0,0,60,1,0.07332766056060791,0.07332766056060791,0.8915032744407654,0.8272017836570741,0.807399332523346,742.0,1986.0,155.0,177.0,2032,145.50584244728088,13_W_exp8,13_W.v1.l0.ds0.l_combo0.ds_combo0.idays60.odays1,100,Network 3,W,Min
1,0,0,0,0,30,7,0.04822811484336853,0.04822811856865883,0.9345815777778624,0.8138297796249391,0.8105960488319397,3060.0,17155.0,700.0,715.0,2056,143.2518043518066,13_Y_exp64,13_Y.v1.l0.ds0.l_combo0.ds_combo0.idays30.odays7,93,Network 3,Y,Max
1,0,0,0,0,60,1,0.06896086037158966,0.06896086037158966,0.8996732234954834,0.8166409730911255,0.7381615638732909,530.0,2223.0,119.0,188.0,2032,54.51943731307984,13_AD_exp64,13_AD.v1.l0.ds0.l_combo0.ds_combo0.idays60.odays1,37,Network 4,AD,Min
1,0,0,0,0,30,7,0.05529388040304184,0.05529388412833214,0.9203420877456664,0.7868933081626892,0.7882527112960815,3194.0,16713.0,865.0,858.0,2056,151.17036724090573,13_AD_exp32,13_AD.v1.l0.ds0.l_combo0.ds_combo0.idays30.odays7,100,Network 4,AD,Max
