,letters,metric
0,H,0.06349256585585095
1,E,0.01301155481370119
2,L,0.021985094180469303
3,S,0.0054628886282444
