,letters,metric
0,,
1,C,0.018958701367499126
2,B,0.018740518432089678
3,AB,0.01874121588965257
