,letters,metric
0,,
1,Q,0.0191497980698184
2,M,0.01895886065561653
3,AB,0.01874121588965257
