,letter,input_days,output_days,experiment_name,weighted_metric
1,T,30,1,22_T_exp32,0.0165816992521286
1,F,30,1,22_F_exp32,0.017283909553035846
8,M,60,1,22_M_exp64,0.017941750754297027
