,letters,metric
0,D,0.3116008929831218
1,C,0.5713389421708985
2,B,0.6733794466416754
3,AB,0.8052986185019567
