,letters,metric
0,D,0.7720513257922398
1,C,0.8717642807298236
2,B,0.8753246963024139
3,G,0.9053491403659185
