,,,,,version,location_scheme,datastream_scheme,l_combo,ds_combo,input_days,output_days,loss,mse,mape,mae,dataset_size,training_time,experiment_name,dataset_name,epochs,network,letter,Max_or_Min
1,0,0,0,0,60,1,0.07000851631164551,0.07000851631164551,0.9071895480155944,0.8480325937271118,0.7841907143592834,625.0,2151.0,112.0,172.0,2032,80.40386986732483,11_A_exp8,11_A.v1.l0.ds0.l_combo0.ds_combo0.idays60.odays1,55,Network 1,A,Min
1,0,0,0,0,30,7,0.08385319262742996,0.08385318517684938,0.8812297582626343,0.7097034454345703,0.7568846940994263,3518.0,15543.0,1439.0,1130.0,2056,125.89662504196168,11_A_exp8,11_A.v1.l0.ds0.l_combo0.ds_combo0.idays30.odays7,84,Network 1,A,Max
1,0,0,0,0,30,1,0.1010649874806404,0.1010649874806404,0.8518518805503845,0.6443662047386169,0.7776203751564026,549.0,2096.0,303.0,157.0,2062,75.09577512741089,11_N_exp8,11_N.v1.l0.ds0.l_combo0.ds_combo0.idays30.odays1,50,Network 2,N,Min
1,0,0,0,0,30,7,0.058416962623596184,0.05841696634888649,0.915903866291046,0.7761845588684082,0.6934001445770264,2490.0,17321.0,718.0,1101.0,2056,150.3944613933563,11_N_exp32,11_N.v1.l0.ds0.l_combo0.ds_combo0.idays30.odays7,100,Network 2,N,Max
1,0,0,0,0,60,1,0.08296555280685425,0.08296555280685425,0.886274516582489,0.7398843765258789,0.8387942314147949,640.0,2072.0,225.0,123.0,2032,46.75260066986084,11_Y_exp32,11_Y.v1.l0.ds0.l_combo0.ds_combo0.idays60.odays1,32,Network 3,Y,Min
1,0,0,0,0,30,7,0.06184656172990799,0.061846554279327386,0.9099861383438109,0.7695501446723938,0.7787114977836609,3336.0,16347.0,999.0,948.0,2056,150.44097089767456,11_Y_exp64,11_Y.v1.l0.ds0.l_combo0.ds_combo0.idays30.odays7,100,Network 3,Y,Max
1,0,0,0,0,60,1,0.0784345343708992,0.0784345343708992,0.8895424604415894,0.7775119543075562,0.8104737997055054,650.0,2072.0,186.0,152.0,2032,98.5260705947876,11_AD_exp32,11_AD.v1.l0.ds0.l_combo0.ds_combo0.idays60.odays1,67,Network 4,AD,Min
1,0,0,0,0,30,7,0.05994157493114473,0.05994157493114473,0.9136847257614136,0.8042778372764587,0.7748726010322571,3497.0,16266.0,851.0,1016.0,2056,127.60204768180849,11_AD_exp64,11_AD.v1.l0.ds0.l_combo0.ds_combo0.idays30.odays7,85,Network 4,AD,Max
