,,,,,version,location_scheme,datastream_scheme,l_combo,ds_combo,input_days,output_days,loss,mse,mape,mae,dataset_size,training_time,experiment_name,dataset_name,epochs,network,letter,Max_or_Min
1,0,1,0,4,60,1,0.09698028862476347,0.09698028862476347,0.8565359711647034,0.7019773721694946,0.6855172514915466,497.0,2124.0,211.0,228.0,2032,36.69292616844177,11_C_exp32,11_C.v1.l0.ds1.l_combo0.ds_combo4.idays60.odays1,25,Network 1,C,Min
1,0,1,0,2,30,7,0.1522170901298523,0.1522171050310135,0.7742487192153931,0.7178770899772644,0.05100218206644058,257.0,16490.0,101.0,4782.0,2056,150.53099656105042,11_C_exp8,11_C.v1.l0.ds1.l_combo0.ds_combo2.idays30.odays7,100,Network 1,C,Max
1,0,1,0,4,30,1,0.12074283510446547,0.12074283510446547,0.8264090418815613,0.7051546573638916,0.7299893498420715,684.0,1882.0,286.0,253.0,2062,51.35843086242676,11_Q_exp64,11_Q.v1.l0.ds1.l_combo0.ds_combo4.idays30.odays1,34,Network 2,Q,Min
1,0,1,0,2,30,7,0.13302570581436154,0.13302570581436154,0.8430420756340027,0.0,0.0,0.0,18235.0,0.0,3395.0,2056,112.89992475509644,11_Q_exp32,11_Q.v1.l0.ds1.l_combo0.ds_combo2.idays30.odays7,75,Network 2,Q,Max
1,0,1,0,3,60,1,0.11365614086389543,0.11365614086389543,0.8326797485351562,0.7437407970428467,0.5990509986877441,505.0,2043.0,174.0,338.0,2032,34.39390087127685,11_AA_exp32,11_AA.v1.l0.ds1.l_combo0.ds_combo3.idays60.odays1,23,Network 3,AA,Min
1,0,1,0,2,30,7,0.13094545900821686,0.13094547390937805,0.8146093487739563,0.0,0.0,0.0,17620.0,0.0,4010.0,2056,151.74751710891726,11_AA_exp32,11_AA.v1.l0.ds1.l_combo0.ds_combo2.idays30.odays7,100,Network 3,AA,Max
1,0,1,0,4,60,1,0.08885037899017334,0.08885037899017334,0.8660130500793457,0.7183499336242676,0.7043235898017883,505.0,2145.0,198.0,212.0,2032,49.96845698356629,11_F_exp8,11_F.v1.l0.ds1.l_combo0.ds_combo4.idays60.odays1,34,Network 4,F,Min
1,0,1,0,2,30,7,0.12748633325099945,0.12748634815216064,0.8018493056297302,0.4694376587867737,0.09065155684947968,384.0,16960.0,434.0,3852.0,2056,150.3769760131836,11_F_exp8,11_F.v1.l0.ds1.l_combo0.ds_combo2.idays30.odays7,100,Network 4,F,Max
