,version,location_scheme,datastream_scheme,l_combo,ds_combo,input_days,output_days,loss,mse,binary_accuracy,precision,recall,true_positives,true_negatives,false_positives,false_negatives,dataset_size,training_time,experiment_name,dataset_name,epochs,network,letter,Max_or_Min
84,1,1,0,6,0,30,1,0.17399418354034424,0.17399418354034424,0.75,0.0,0.0,0.0,255.0,6.0,79.0,3392,167.98226094245908,11_B_exp32,11_B.v1.l1.ds0.l_combo6.ds_combo0.idays30.odays1,70,Network 1,B,Min
121,1,1,0,0,0,30,7,0.04096383601427078,0.04096383601427078,0.9435518980026244,0.8017621040344238,0.6816479563713074,182.0,1991.0,45.0,85.0,3281,231.98300194740293,11_B_exp64,11_B.v1.l1.ds0.l_combo0.ds_combo0.idays30.odays7,100,Network 1,B,Max
46,1,1,0,11,0,60,1,0.18901966512203214,0.18901966512203214,0.6980519294738771,0.0,0.0,0.0,215.0,0.0,93.0,3080,39.733182668685906,11_M_exp8,11_M.v1.l1.ds0.l_combo11.ds_combo0.idays60.odays1,18,Network 2,M,Min
21,1,1,0,5,0,30,7,0.05478346347808838,0.05478345602750778,0.9321534037590028,0.0,0.0,0.0,2212.0,0.0,161.0,3384,241.77286624908447,11_J_exp8,11_J.v1.l1.ds0.l_combo5.ds_combo0.idays30.odays7,100,Network 2,J,Max
96,1,1,0,9,0,30,1,0.17228202521800995,0.17228202521800995,0.6884273290634155,0.375,0.029126213863492005,3.0,229.0,5.0,100.0,3363,137.71945452690122,11_V_exp32,11_V.v1.l1.ds0.l_combo9.ds_combo0.idays30.odays1,59,Network 3,V,Min
131,1,1,0,2,0,60,7,0.051720041781663895,0.051720045506954186,0.9303351044654846,0.7075098752975464,0.6806083917617798,179.0,1931.0,74.0,84.0,3236,234.13300895690918,11_V_exp64,11_V.v1.l1.ds0.l_combo2.ds_combo0.idays60.odays7,100,Network 3,V,Max
46,1,1,0,11,0,60,1,0.18901966512203214,0.18901966512203214,0.6980519294738771,0.0,0.0,0.0,215.0,0.0,93.0,3080,39.733182668685906,11_M_exp8,11_M.v1.l1.ds0.l_combo11.ds_combo0.idays60.odays1,18,Network 4,M,Min
21,1,1,0,5,0,30,7,0.07082028687000275,0.07082027941942215,0.9241466522216796,0.0,0.0,0.0,2193.0,0.0,180.0,3384,36.71100068092346,11_M_exp8,11_M.v1.l1.ds0.l_combo5.ds_combo0.idays30.odays7,15,Network 4,M,Max
