,,,,,version,location_scheme,datastream_scheme,l_combo,ds_combo,input_days,output_days,loss,mse,mape,mae,dataset_size,training_time,experiment_name,dataset_name,epochs,network,letter,Max_or_Min
1,1,1,10,3,60.0,1.0,0.10399147123098372,0.10399147123098372,0.8431372642517091,0.75,0.7727272510528564,51.0,121.0,17.0,15.0,2032.0,100.87660002708435,11_D_exp8,11_D.v1.l1.ds1.l_combo10.ds_combo3.idays60.odays1,69.0,Network 1,D,Min
1,1,1,5,2,30.0,7.0,0.06681105494499208,0.06681105494499208,0.9283607006072998,0.0,0.0,0.0,2203.0,0.0,170.0,3384.0,91.90191531181335,11_D_exp64,11_D.v1.l1.ds1.l_combo5.ds_combo2.idays30.odays7,38.0,Network 1,D,Max
1,1,1,10,3,60.0,1.0,0.1202673316001892,0.1202673316001892,0.8284313678741455,0.75,0.692307710647583,45.0,124.0,15.0,20.0,2032.0,140.18862771987915,11_I_exp8,11_I.v1.l1.ds1.l_combo10.ds_combo3.idays60.odays1,96.0,Network 2,I,Min
1,1,1,5,2,60.0,7.0,0.0601792261004448,0.060179229825735085,0.9362244606018066,0.0,0.0,0.0,2202.0,0.0,150.0,3354.0,145.5828859806061,11_I_exp8,11_I.v1.l1.ds1.l_combo5.ds_combo2.idays60.odays7,60.0,Network 2,I,Max
